Tempo,AccX(m/s²),AccY(m/s²),AccZ(m/s²)
1076,0.996775,9.737725,0.76675
1348,1.07345,9.6993875,0.690075
1443,0.843425,9.7760625,1.38015
